<?xml version="1.0" encoding="UTF-8" standalone="no"?>
<!--common-strings_it.xml created Mon Dec 05 22:18:46 CET 2011 using: flash-common-strings 2.03.00 (48823), translation-utility 2.12.00 (57171) ott 3, 2011-->
<SimStrings>
<string key="About..." value="Su.."/>
<string key="SoftwareDevelopment" value="Sviluppo del software"/>
<string key="Cancel" value="Cancella"/>
<string key="StatisticsField-host_flash_accessibility" value="Stai usando un dispositivo accessibile?"/>
<string key="Version" value="Versione"/>
<string key="NewVersionAvailable" value="Disponibile la nuova versione"/>
<string key="SoftwareAgreement" value="Condizioni d'uso del software"/>
<string key="PhETInstallation" value="Per scaricare una nuova installazione contenente l'ultima simulazione, visita &lt;a href='{0}'&gt; la pagina di installazione di PhET Offline&lt;/a&gt;."/>
<string key="StatisticsField-sim_version_timestamp" value="Versione della simulazione: (timestamp)"/>
<string key="StatisticsField-sim_dev_version" value="Versione della simulazione (dev):"/>
<string key="AskLater" value="Chiedimi dopo"/>
<string key="AcceptContinue" value="Accetta e continua"/>
<string key="BuildDate" value="Data della versione"/>
<string key="TellMore" value="Dimmi di più.."/>
<string key="FlashVersion" value="Versione Falsh"/>
<string key="PhetSoftwareAgreement" value="Condizioni d'uso del software PhET"/>
<string key="NoUpdatesAvailable" value="Nessun aggiornamento disponibile"/>
<string key="StatisticsField-message_type" value="Tipo messaggio:"/>
<string key="InstallationDated" value="La tua versione offline di PhET è datata {0}"/>
<string key="CheckUpdates" value="Controllo per l'aggiornamento automatico"/>
<string key="UpToDate" value="Aggiornamento"/>
<string key="StatisticsField-sim_major_version" value="Versione della simulazione (major):"/>
<string key="StatisticsField-user_total_sessions" value="Numero totale delle esecuzioni di tutte le simulazioni:"/>
<string key="InstallationNewer" value="é disponibile una versione aggiornata  datata {0}"/>
<string key="StatisticsField-sim_sessions_since" value="Numero totale delle esecuzioni online della simulazione:"/>
<string key="StatisticsField-sim_distribution_tag" value="Versione della siumulazione (distribuzione)"/>
<string key="Yes!" value="Si!"/>
<string key="StatisticsField-host_flash_domain" value="Dominio di simulazione:"/>
<string key="DesignTeam" value="Team Progettisti"/>
<string key="PhETPreferences" value="Preferenze di PhET"/>
<string key="Preferences" value="Preferenze.."/>
<string key="AllowMessages" value="Consenti di inviare informazioni a PhET"/>
<string key="Updates" value="Aggiorna"/>
<string key="StatisticsField-sim_revision" value="Versione della simulazione (revisione):"/>
<string key="StatisticsField-user_preference_file_creation_time" value="Tempo di creazione del file delle preferenze:"/>
<string key="StatisticsField-host_flash_time_offset" value="fuso orario:"/>
<string key="MostCurrentVersion" value=" Hai la versione più recente({0}) di {1}."/>
<string key="StatisticsField-sim_deployment" value="Tipo di implementazione:"/>
<string key="PrivacyRequirement" value="&lt;a href='{0}'&gt;PhET&lt;/a&gt;  è  disponibile gratuitamente grazie a sovvenzioni, che richiedono di raccogliere una quantità minima di informazioni anonime per documentare la quantità di utilizzo delle simulazioni Phet e per servire meglio le esigenze di aggiornamento dei nostri utenti "/>
<string key="StatisticsField-sim_type" value="Tipo di simulazione:"/>
<string key="Close" value="Chiudi"/>
<string key="StatisticsField-sim_dev" value="Questa è una versione di sviluppo?"/>
<string key="InstallerAsk" value="Ti piacerebbe avere l'ultima versione offline di PhET?"/>
<string key="PrivacyMessage2" value="Cliccando su &quot;Accetta e continua&quot; accetti le condizioni d'uso del software PhET, compresa la nostra informativa sulla privicy, per questa ed ogni altra simulazione che tu esegui (per i dettagli, &lt;a href='{0}'&gt;click here&lt;/a&gt;)."/>
<string key="StatisticsField-sim_total_sessions" value="Numero totale delle esecuzioni della simulazione:"/>
<string key="PrivacyMessage1" value="In tutte le simulazioni PhET, raccogliamo una piccola quantità di   &lt;a href='{0}'&gt;informationi&lt;/a&gt; anonime ogni volta che si avvia (p.es.  versione del sisterma operativo e della simulazione usata). Puoi disabilitare l'invio di queste informazioni quando vuoi utilizzando il pulsate &quot;preferenze&quot;."/>
<string key="StatisticsField-user_installation_timestamp" value="installazione del timestamp PhET:"/>
<string key="StatisticsField-sim_name" value="Nome della simulazione:"/>
<string key="UpdateOptionsAvailable" value="Le opzioni di aggiornamento sono disponibili in &lt;i&gt;Preferenze&lt;/i&gt;."/>
<string key="PhetDevelopmentTeam" value="Team di sviluppo PhET"/>
<string key="InstallerInfo2" value="Se scegli di avere l'ultima versione offline di PhET, si aprirà una nuova finestra del tuo browser, da cui scaricare l'installatore"/>
<string key="InstallerInfo1" value="Tenere aggiornata la tua versione offline di PhET ti dà accesso a nuove simulazioni ed a  materiali supplemenari"/>
<string key="StatisticsField-sim_minor_version" value="Versione della simulazione (minor):"/>
<string key="translation.credits" value="&lt;html&gt;Vito Garganese&lt;br&gt;vito.garganese@alice.it&lt;html&gt;"/>
<string key="Credits" value="Riconoscimenti"/>
<string key="StatisticsField-host_flash_version" value="Versione di Flash Player:"/>
<string key="TryNow" value="Prova adesso"/>
<string key="PrivacySkip" value="Salta questa versione"/>
<string key="CheckInstallationUpdates" value="Controllo per l'aggiornamento della versione  aggiornata di PhET offline.."/>
<string key="StatisticsField-sim_locale_language" value="Lingua:"/>
<string key="Distribution" value="Distribuzione"/>
<string key="LicenseLibraries" value="Informazioni sulle Librerie in licenza:"/>
<string key="PrivacyDetails" value="Dettagli Privacy"/>
<string key="NotUpdateSim" value="Questa simulazione non è aggiornabile automaticamente"/>
<string key="CurrentVersionIs" value="La tua versione attuale di {0} è {1}."/>
<string key="StatisticsField-host_flash_os" value="Sistema operativo, nome e versione"/>
<string key="TranslatedBy" value="Tradotto da"/>
<string key="Error" value="Errrore"/>
<string key="StatisticsField-sim_project" value="Nome del progetto:"/>
<string key="NewerVersionIs" value="La  nuova  versione {0} è disponibile"/>
<string key="CheckSimUpdates" value="Controllo per l'aggiornamento della simulazione.."/>
<string key="SentInformation" value="Le informazioni sottostanti saranno inviate a PhET all'avvio della simulazione."/>
<string key="OSVersion" value="Sistema operativo"/>
<string key="Details" value="Dettagli"/>
<string key="StatisticsField-message_version" value="Versione del messaggio"/>
<string key="LeadDesign" value="Capo progettista"/>
<string key="StatisticsField-host_locale_language" value="Lingua ospite:"/>
<string key="AboutSim" value=" Su {0}"/>
<string key="VersionError2" value="Riprova più tardi o visita &lt;a href='{0}'&gt;http://phet.colorado.edu&lt;/a&gt;"/>
<string key="VersionError1" value="C'è stato un errore durante la richiesta di informazioni sullai versione"/>
<string key="StatisticsField-sim_locale_country" value="Paese:"/>
</SimStrings>
