<?xml version="1.0" encoding="UTF-8" standalone="no"?>
<!--common-strings_pt_BR.xml created Wed Oct 13 22:27:53 BRT 2010 using: flash-common-strings 2.02.00 (38663), translation-utility 2.09.00 (44031) Set 13, 2010-->
<SimStrings>
<string key="About..." value="Sobre..."/>
<string key="SoftwareDevelopment" value="Desenvolvimento de Software"/>
<string key="Cancel" value="Cancelar"/>
<string key="StatisticsField-host_flash_accessibility" value="Usando um dispositivo acessível?:"/>
<string key="Privacy" value="Privacidade"/>
<string key="Version" value="Versão"/>
<string key="NewVersionAvailable" value="Nova Versão Disponível"/>
<string key="SoftwareAgreement" value="Termo de Licença de Software"/>
<string key="PhETInstallation" value="Para baixar um novo instalador contendo a simulação mais recente, por favor visite a página do &lt;a href='{0}'&gt; Instalador do Website Offline PhET&lt;/a&gt;."/>
<string key="StatisticsField-sim_version_timestamp" value="Versão da simulação (data e hora):"/>
<string key="StatisticsField-sim_dev_version" value="Versão da simulação (desenvolvedores):"/>
<string key="AskLater" value="Pergunte-me mais tarde"/>
<string key="AcceptContinue" value="Concordar e Continuar"/>
<string key="BuildDate" value="Data de Construção"/>
<string key="TellMore" value="Conte-me mais..."/>
<string key="FlashVersion" value="Versão do Flash"/>
<string key="PhetSoftwareAgreement" value="Termo de Licença de Software PhET"/>
<string key="NoUpdatesAvailable" value="Nenhuma Atualização Disponível"/>
<string key="StatisticsField-message_type" value="Tipo da mensagem:"/>
<string key="InstallationDated" value="Sua instalação do Website Offline PhET data de {0}."/>
<string key="CheckUpdates" value="Procurar atualizações automaticamente"/>
<string key="UpToDate" value="Atualizado"/>
<string key="StatisticsField-sim_major_version" value="Versão da simulação (major):"/>
<string key="StatisticsField-user_total_sessions" value="Número total de vezes que todas as simulações foram rodadas:"/>
<string key="InstallationNewer" value="Uma nova versão está disponível, de {0}."/>
<string key="StatisticsField-sim_sessions_since" value="Número de vezes que a simulação foi rodada desde a última conexão:"/>
<string key="StatisticsField-sim_distribution_tag" value="Versão da simulação (distribuição):"/>
<string key="Yes!" value="Sim!"/>
<string key="StatisticsField-host_flash_domain" value="Domínio da simulação:"/>
<string key="DesignTeam" value="Equipe de Design"/>
<string key="PhETPreferences" value="Preferências do PhET"/>
<string key="Preferences" value="Preferências..."/>
<string key="AllowMessages" value="Permitir o envio de informações ao PhET"/>
<string key="Updates" value="Atualizações"/>
<string key="StatisticsField-sim_revision" value="Versão da simulação (revisão):"/>
<string key="StatisticsField-user_preference_file_creation_time" value="Data e hora  da criação do arquivo Preferências:"/>
<string key="Interviews" value="Entrevistas"/>
<string key="StatisticsField-host_flash_time_offset" value="Fuso horário:"/>
<string key="MostCurrentVersion" value="Você tem a mais recente versão ({0}) de {1}."/>
<string key="StatisticsField-sim_deployment" value="Tipo de execução:"/>
<string key="PrivacyRequirement" value="&lt;a href='{0}'&gt;PhET&lt;/a&gt; é gratuitamente disponível por concessões que requerem que coletemos uma mínima &lt;br&gt;quantidade de informações anônimas que ajudem a documentar a quantidade de uso das simulações do PhET e a melhor servir às necessidades dos usuários."/>
<string key="StatisticsField-sim_type" value="Tipo da simulação:"/>
<string key="Close" value="Fechar"/>
<string key="StatisticsField-sim_dev" value="Esta é uma versão para desenvolvedores?:"/>
<string key="InstallerAsk" value="Você gostaria de obter o mais recente Instalador do Website Offline PhET..."/>
<string key="PrivacyMessage2" value="Clicando em &quot;Concordar e Continuar&quot;, você concordará com o Termo de Licença de Software, incluindo nossas políticas de provacidade, para esta e todas as simulações do PhET que você executar. (Para detalhes, &lt;a href='{0}'&gt;clique aqui&lt;/a&gt;)."/>
<string key="StatisticsField-sim_total_sessions" value="Número total de vezes que a simulação foi rodada:"/>
<string key="PrivacyMessage1" value="Em todas as simulações do PhET, coletamos uma quantidade mínima de informação &lt;a href='{0}'&gt;anônima&lt;/a&gt; sempre que a simulação é iniciada (e.g., versão da simulação, sistema operacional)."/>
<string key="StatisticsField-user_installation_timestamp" value="Data e hora da instalação do PhET:"/>
<string key="StatisticsField-sim_name" value="Nome da simulação:"/>
<string key="UpdateOptionsAvailable" value="Opções de atualização estão disponíveis em &lt;i&gt;Preferências&lt;/i&gt;."/>
<string key="PhetDevelopmentTeam" value="Equipe de Desenvolvimento do PhET"/>
<string key="InstallerInfo2" value="Se você decidir obter a mais nova versão, um navegador abrirá na página do PhET, onde você poderá baixar o Instalador do Website Offline PhET."/>
<string key="InstallerInfo1" value="Manter sua instalação do Website Offline PhET atualizada assegura que você tenha acesso às mais novas simulações do PhET e a materiais complementares."/>
<string key="StatisticsField-sim_minor_version" value="Versão da simulação (minor):"/>
<string key="Credits" value="Créditos"/>
<string key="StatisticsField-host_flash_version" value="Versão do Flash Player:"/>
<string key="TryNow" value="Experimente agora"/>
<string key="PrivacySkip" value="Pular esta versão"/>
<string key="CheckInstallationUpdates" value="Procurar atualizações do Instalador do Website Offline PhET..."/>
<string key="StatisticsField-sim_locale_language" value="Idioma:"/>
<string key="Distribution" value="Distribuição"/>
<string key="LicenseLibraries" value="Informações sobre a Licença da biblioteca utilizada:"/>
<string key="PrivacyDetails" value="Detalhes de Privacidade"/>
<string key="NotUpdateSim" value="Esta simulação não pode ser atualizada automaticamente."/>
<string key="CurrentVersionIs" value="Sua versão atual de {0} é {1}."/>
<string key="StatisticsField-host_flash_os" value="Sistema operacional e nome:"/>
<string key="OK" value="OK"/>
<string key="Error" value="Erro"/>
<string key="CheckSimUpdates" value="Procurar atualização da simulação..."/>
<string key="StatisticsField-sim_project" value="Nome do projeto:"/>
<string key="NewerVersionIs" value="Uma nova versão {0} está disponível"/>
<string key="SentInformation" value="As informações mostradas abaixo serão enviadas ao PhET quando a simulação for iniciada."/>
<string key="OSVersion" value="Sistema Operacional"/>
<string key="Details" value="Detalhes"/>
<string key="StatisticsField-message_version" value="Versão da mensagem:"/>
<string key="LeadDesign" value="Design Principal"/>
<string key="StatisticsField-host_locale_language" value="Idioma local:"/>
<string key="AboutSim" value="Sobre {0}"/>
<string key="VersionError2" value="Por favor tente novamente mais tarde, ou visite &lt;a href='{0}'&gt;http://phet.colorado.edu&lt;/a"/>
<string key="VersionError1" value="Um erro ocorreu ao tentar obter informações da versão."/>
<string key="StatisticsField-sim_locale_country" value="País:"/>
</SimStrings>
