<?xml version="1.0" encoding="UTF-8"?>
<SimStrings>
  <string key="About..." value="About..." />
  <string key="AboutSim" value="About {0}" />
  <string key="Preferences" value="Preferences..." />
  <string key="Version" value="Version" />
  <string key="BuildDate" value="Build Date" />
  <string key="FlashVersion" value="Flash Version" />
  <string key="OSVersion" value="OS" />
  <string key="OK" value="OK" />
  <string key="Cancel" value="Cancel" />
  <string key="Close" value="Close" />
  <string key="PhETPreferences" value="PhET Preferences" />
  <string key="Updates" value="Updates" />
  <string key="CheckUpdates" value="Automatically check for updates" />
  <string key="CheckSimUpdates" value="Check for simulation update..." />
  <string key="CheckInstallationUpdates" value="Check for PhET Offline Website Installer update..." />
  <string key="Privacy" value="Privacy" />
  <string key="PrivacyRequirement" value="&lt;a href='{0}'&gt;PhET&lt;/a&gt; is made freely available through grants which require us to collect a minimal amount of anonymous information to help document the amount of use of PhET sims and to better serve our users' update needs." />
  <string key="AllowMessages" value="Allow sending of information to PhET" />
  <string key="Details" value="Details" />
  <string key="SentInformation" value="The information shown below will be sent to PhET when the simulation starts." />
  <string key="PrivacyDetails" value="Privacy Details" />
  <string key="PrivacyMessage1" value="In all PhET simulations, we collect a minimal amount of anonymous &lt;a href='{0}'&gt;information&lt;/a&gt; each time the simulation starts (e.g., simulation version, operating system). You can disable the sending of this information at any time via the Preferences button." />
  <string key="PrivacyMessage2" value="By clicking &quot;Agree and Continue&quot;, you agree to PhET's Software Agreement, including our privacy policy, for this and every PhET simulation you run. (For details, &lt;a href='{0}'&gt;click here&lt;/a&gt;)." />
  <string key="AcceptContinue" value="Agree and Continue" />
  <string key="LicenseLibraries" value="Used Library Licensing Information:" />
  <string key="NewVersionAvailable" value="New Version Available" />
  <string key="CurrentVersionIs" value="Your current version of {0} is {1}." />
  <string key="NewerVersionIs" value="A newer version {0} is available." />
  <string key="NotUpdateSim" value="This simulation cannot be updated automatically." />
  <string key="PhETInstallation" value="To download a new installer containing the latest simulation, please visit the &lt;a href='{0}'&gt;PhET Offline Website Installer page&lt;/a&gt;." />
  <string key="UpdateOptionsAvailable" value="Update options are available under &lt;i&gt;Preferences&lt;/i&gt;." />
  <string key="AskLater" value="Ask me later" />
  <string key="PrivacySkip" value="Skip this version" />
  <string key="NoUpdatesAvailable" value="No Updates Available" />
  <string key="TryNow" value="Try it now" />
  <string key="SoftwareAgreement" value="Software Agreement" />
  <string key="PhetSoftwareAgreement" value="PhET Software Agreement" />
  <string key="PhetDevelopmentTeam" value="PhET Development Team" />
  <string key="Credits" value="Credits" />
  <string key="SoftwareDevelopment" value="Software Development" />
  <string key="DesignTeam" value="Design Team" />
  <string key="LeadDesign" value="Lead Design" />
  <string key="Interviews" value="Interviews" />
  <string key="Yes!" value="Yes!" />
  <string key="TellMore" value="Tell me more..." />
  <string key="InstallationDated" value="Your PhET Offline Website Installation is dated {0}." />
  <string key="InstallationNewer" value="A newer version is available, dated {0}." />
  <string key="InstallerAsk" value="Would you like to get the latest PhET Offline Website Installer?" />
  <string key="InstallerInfo1" value="Keeping your PhET Offline Website Installation up-to-date ensures that you have access to the newest PhET simulations and supplemental materials." />
  <string key="InstallerInfo2" value="If you choose to get the newest version, a web browser will open to the PhET website, where you can download the PhET Offline Website Installer." />
  <string key="Distribution" value="Distribution" />
  <string key="Error" value="Error" />
  <string key="VersionError1" value="An error was encountered while trying to obtain version information." />
  <string key="VersionError2" value="Please try again later, or visit &lt;a href='{0}'&gt;http://phet.colorado.edu&lt;/a&gt;" />
  <string key="UpToDate" value="Up To Date" />
  <string key="MostCurrentVersion" value="You have the most current version ({0}) of {1}." />
  <string key="StatisticsField-message_type" value="Message type:" />
  <string key="StatisticsField-message_version" value="Message version:" />
  <string key="StatisticsField-sim_type" value="Simulation type:" />
  <string key="StatisticsField-sim_project" value="Project name:" />
  <string key="StatisticsField-sim_name" value="Simulation name:" />
  <string key="StatisticsField-sim_major_version" value="Simulation version (major):" />
  <string key="StatisticsField-sim_minor_version" value="Simulation version (minor):" />
  <string key="StatisticsField-sim_dev_version" value="Simulation version (dev):" />
  <string key="StatisticsField-sim_revision" value="Simulation version (revision):" />
  <string key="StatisticsField-sim_version_timestamp" value="Simulation version (timestamp):" />
  <string key="StatisticsField-sim_distribution_tag" value="Simulation version (distribution):" />
  <string key="StatisticsField-sim_locale_language" value="Language:" />
  <string key="StatisticsField-sim_locale_country" value="Country:" />
  <string key="StatisticsField-sim_deployment" value="Deployment type:" />
  <string key="StatisticsField-sim_dev" value="Is this a developer version?:" />
  <string key="StatisticsField-sim_total_sessions" value="Total number of times this simulation has been run:" />
  <string key="StatisticsField-sim_sessions_since" value="Number of times this simulation has been run since last online:" />
  <string key="StatisticsField-host_flash_os" value="Operating system and name:" />
  <string key="StatisticsField-host_flash_version" value="Flash Player version:" />
  <string key="StatisticsField-host_locale_language" value="Host language:" />
  <string key="StatisticsField-host_flash_time_offset" value="Timezone:" />
  <string key="StatisticsField-host_flash_accessibility" value="Using an accessible device?:" />
  <string key="StatisticsField-host_flash_domain" value="Simulation domain:" />
  <string key="StatisticsField-user_preference_file_creation_time" value="Preferences file creation time:" />
  <string key="StatisticsField-user_total_sessions" value="Total number of times all simulations have been run:" />
  <string key="StatisticsField-user_installation_timestamp" value="PhET installation timestamp:" />
  <string key="TranslatedBy" value="Translated by" />
</SimStrings>
