<?xml version="1.0" encoding="UTF-8" standalone="no"?>
<!--common-strings_ar_SA.xml created Tue Feb 08 10:27:05 EST 2011 using: flash-common-strings 2.02.00 (38663), translation-utility 2.09.00 (44031) Sep 13, 2010-->
<SimStrings>
<string key="About..." value="حول..."/>
<string key="SoftwareDevelopment" value=" تطوير البرنامج"/>
<string key="Cancel" value="إلغاء"/>
<string key="StatisticsField-host_flash_accessibility" value="باستخدام جهاز ممكن الوصول إليه؟ "/>
<string key="Privacy" value="خصوصية"/>
<string key="Version" value="نسخة"/>
<string key="NewVersionAvailable" value="النسخة الجديدة متوفرة"/>
<string key="SoftwareAgreement" value="اتفاقية البرنامج"/>
<string key="PhETInstallation" value="لتحميل مثبت جديد يحوي أحدث برامج المحاكاة، قم بزيارة &lt;a href='{0}'&gt;موقع فت على صفحة مثبت البرنامج&lt;/a&gt;."/>
<string key="StatisticsField-sim_version_timestamp" value="نسخة المحاكاة (الختم الزمني)"/>
<string key="StatisticsField-sim_dev_version" value="نسخة المحاكاة (المطور)"/>
<string key="AskLater" value="اسألني لاحقاً"/>
<string key="AcceptContinue" value="موافق واستمر"/>
<string key="BuildDate" value="تاريخ الإنشاء"/>
<string key="TellMore" value="أخبرني بالمزيد ..."/>
<string key="FlashVersion" value="نسخة الفلاش"/>
<string key="PhetSoftwareAgreement" value="اتفاقية برنامج فت"/>
<string key="NoUpdatesAvailable" value="لايوجد تحديثات متوفرة حالياً"/>
<string key="StatisticsField-message_type" value="نوع الرسالة"/>
<string key="InstallationDated" value="ثبيت برنامج موقع فت الذي يعمل من دون إتصال مؤرخ ب {0}. "/>
<string key="CheckUpdates" value="تأكد من التحديثات تلقائياً"/>
<string key="UpToDate" value="محدث"/>
<string key="StatisticsField-sim_major_version" value="نسخة المحاكاة (الرئيسية)"/>
<string key="StatisticsField-user_total_sessions" value="مجموع عدد مرات تشغيل كل برامج المحاكاة "/>
<string key="InstallationNewer" value="النسخة الأحدث متوفرة، تاريخها {0}."/>
<string key="StatisticsField-sim_sessions_since" value="عدد المرات التي تم تشغيل المحاكاة منذ آخر مرة"/>
<string key="StatisticsField-sim_distribution_tag" value="نسخة المحاكاة (التوزيع"/>
<string key="Yes!" value="نعم!"/>
<string key="StatisticsField-host_flash_domain" value="نطاق المحاكاة"/>
<string key="DesignTeam" value="فريق التصميم"/>
<string key="PhETPreferences" value="تفضيلات برنامج فت"/>
<string key="Preferences" value="تفضيلات ..."/>
<string key="AllowMessages" value="السماح بإرسال المعلومات إلى فت"/>
<string key="Updates" value="تحديثات"/>
<string key="StatisticsField-sim_revision" value="نسخة المحاكاة (تحديث)"/>
<string key="StatisticsField-user_preference_file_creation_time" value="الختم الزمني لاستحداث ملف التفضيلات"/>
<string key="Interviews" value="المقابلات"/>
<string key="StatisticsField-host_flash_time_offset" value="نطاق الزمن"/>
<string key="MostCurrentVersion" value="تملك أحدث نسخة ({0}) من  {1}.  "/>
<string key="StatisticsField-sim_deployment" value="نوع النشر "/>
<string key="PrivacyRequirement" value="&lt;a href='{0}'&gt;فت&lt;/a&gt;&#10;برنامج مدعوم من منح&#10;تتطلب تجميع قليل من المعلومات للمساعدة في رصد كمية استخدام برامج المحاكاة &#10;وخدمة حاجيات المستخدمين. "/>
<string key="StatisticsField-sim_type" value="نوع المحاكاة"/>
<string key="Close" value="إغلاق"/>
<string key="StatisticsField-sim_dev" value="هل هذه نسخة المطور؟"/>
<string key="InstallerAsk" value="هل ترغب في الحصول على آخر نسخة من مثبت برنامج موقع فت"/>
<string key="PrivacyMessage2" value="بالنقر على &quot;موافق واستمر&quot; أنت موافق على اتفاقية البرنامج والتي تحتوي على أنظمة الخصوصية، لهذه ولكل برامج المحاكاة. لتفاصيل أكثر،  &#10; &lt;a href='{0}'&gt;انقر هنا&lt;/a&gt;)."/>
<string key="StatisticsField-sim_total_sessions" value="مجموع عدد مرات تشغيل المحاكاة "/>
<string key="PrivacyMessage1" value="في كل برامج المحاكاة، يتم تجميع قليل من &lt;a href=&quot;{0}&quot;&gt;المعلومات&lt;/a&gt; مجهولةالمصدر في كل مرة تبدأ المحاكاة، مثل: نسخة المحاكاة، نظام التشغيل. بإمكانك عدم السماح بإرسال هذه المعلومات في أي وقت عن طريق زر التفضيلات ."/>
<string key="StatisticsField-user_installation_timestamp" value="الختم الزمني لتحميل مشروع فت"/>
<string key="StatisticsField-sim_name" value="اسم المحاكاة"/>
<string key="UpdateOptionsAvailable" value="خيارات التحديث متوفرة تحت &lt;i&gt;التفضيلات&lt;/i&gt;. "/>
<string key="PhetDevelopmentTeam" value="فريق تطوير فت"/>
<string key="InstallerInfo2" value="إذا اخترت الحصول على احدث اصدار، سيفتح المتصفح على موقع فت، حتي تقوم بتحميل برنامج موقع فت الذي يعمل من دون اتصال "/>
<string key="InstallerInfo1" value="التأكد من أن مثبت نسخة فت محدث يضمن لك أحدث الاصدارات من المحاكاة والمواد المساندة"/>
<string key="StatisticsField-sim_minor_version" value="نسخة المحاكاة (الفرعية)"/>
<string key="Credits" value="شكر"/>
<string key="StatisticsField-host_flash_version" value="نشخة مشغل الفلاش"/>
<string key="TryNow" value="جربه الآن"/>
<string key="PrivacySkip" value="تخطي هذه النسخة"/>
<string key="CheckInstallationUpdates" value="تأكد من تحديث متبث برنامج موقع فت الذي يعمل من دون اتصال ..."/>
<string key="StatisticsField-sim_locale_language" value="اللغة"/>
<string key="Distribution" value="التوزيع"/>
<string key="LicenseLibraries" value="معلومات المكتبة المرخصة المستخدمة:"/>
<string key="PrivacyDetails" value="تفاصيل الخصوصية"/>
<string key="NotUpdateSim" value="هذه المحاكاة لايمكن تحديثها تلقائياً"/>
<string key="CurrentVersionIs" value="نسختك الحالية من {0} هي {1}.  "/>
<string key="StatisticsField-host_flash_os" value="نظام التثغيل واسمه"/>
<string key="OK" value="موافق"/>
<string key="Error" value="خطأ"/>
<string key="CheckSimUpdates" value="تأكد من تحديث للمحاكاة..."/>
<string key="StatisticsField-sim_project" value="اسم المشروع"/>
<string key="NewerVersionIs" value="نسخة أحدث {0} متوفرة "/>
<string key="SentInformation" value="المعلومات أدناه سيتم إرسالها إلى فريق البرنامج&quot;فت&quot; في كل مرة تبدأ المحاكاة."/>
<string key="OSVersion" value="نظام التشغيل"/>
<string key="Details" value="التفاصيل"/>
<string key="StatisticsField-message_version" value="نسخة الرسالة "/>
<string key="LeadDesign" value="التصميم الرئيسي"/>
<string key="StatisticsField-host_locale_language" value="لغة المستضيف"/>
<string key="AboutSim" value="حول {0}"/>
<string key="VersionError2" value="فضلاً المحاولة مرة أخرى، أو زيارة&#10;&lt;a &lt;a href='{0}'&gt;http://phet.colorado.edu&lt;/a&gt;"/>
<string key="VersionError1" value="حصل خطأ أثناء محاولة  الحصول على معلومات النسخة"/>
<string key="StatisticsField-sim_locale_country" value="البلد"/><string key="TranslatedBy" value="قام بالترجمة"/>
</SimStrings>
