<?xml version="1.0" encoding="UTF-8" standalone="no"?>
<!--radiating-charge-strings_vi.xml created Sat Feb 02 22:08:59 ICT 2013 using: radiating-charge 1.03.00 (71951), translation-utility 2.14.00 (69024) thg 10 10, 2012--><SimStrings>
<string key="duration" value="Thời gian"/>
<string key="bump" value="Bật lên"/>
<string key="radiating-charge.simTitle" value="Điện tích bức xạ"/>
<string key="stopCharge" value="Ngừng"/>
<string key="sinusoidal" value="Sin động"/>
<string key="amplitude" value="Biên độ"/>
<string key="speedOfLight" value="c"/>
<string key="noFrictionManual" value="Không ma sát"/>
<string key="frequency" value="Tần số"/>
<string key="restart" value="Khởi động lại"/>
<string key="showVelocity" value="Hiển thị vận tốc"/>
<string key="speed" value="Tốc độ"/>
<string key="translation.credits" value="Hoàng Nguyên, Saigon, Vietnam"/>
<string key="frictionManual" value="Thủ công"/>
<string key="linear" value="Chuyển động thẳng"/>
<string key="paused" value="Tạm dừng"/>
<string key="reset" value="Reset"/>
<string key="circular" value="Chuyển động tròn"/>
</SimStrings>
