<?xml version="1.0" encoding="UTF-8" standalone="no"?>
<!--radiating-charge-strings_eu.xml created Tue Mar 05 20:09:14 CET 2013 using: radiating-charge 1.03.00 (71951), translation-utility 2.14.00 (69024) oct 9, 2012--><SimStrings>
<string key="duration" value="iraupena"/>
<string key="bump" value="Astindua"/>
<string key="radiating-charge.simTitle" value="Karga-Erradiatzailea"/>
<string key="stopCharge" value="Karga Gelditu"/>
<string key="sinusoidal" value="Sinusoidala"/>
<string key="amplitude" value="Anplitudea"/>
<string key="speedOfLight" value="c"/>
<string key="noFrictionManual" value="Marruskadura gabe"/>
<string key="frequency" value="Maiztasuna"/>
<string key="restart" value="Berrabiatu"/>
<string key="showVelocity" value="Abiadura "/>
<string key="speed" value="Abiadura"/>
<string key="translation.credits" value="Carlos Bereciartu "/>
<string key="frictionManual" value="Eskuzkoa"/>
<string key="linear" value="Lineala"/>
<string key="paused" value="GELDIRIK"/>
<string key="reset" value="Ezeztatu"/>
<string key="circular" value="Zikrkularra"/>
</SimStrings>
