<?xml version="1.0" encoding="UTF-8" standalone="no"?>
<!--radiating-charge-strings_es_PE.xml created Sat Feb 02 19:29:26 GMT-03:00 2013 using: radiating-charge 1.03.00 (71951), translation-utility 2.14.00 (69024) Out 9, 2012--><SimStrings>
<string key="duration" value="Duración"/>
<string key="bump" value="Sacudida"/>
<string key="radiating-charge.simTitle" value="Carga Radiante"/>
<string key="stopCharge" value="Detener Carga"/>
<string key="sinusoidal" value="Sinusoidal"/>
<string key="amplitude" value="Amplitud"/>
<string key="speedOfLight" value="c"/>
<string key="noFrictionManual" value="Sin fricción"/>
<string key="frequency" value="Frecuencia"/>
<string key="restart" value="Empezar de nuevo"/>
<string key="showVelocity" value="Mostrar velocidad"/>
<string key="speed" value="Rapidez"/>
<string key="translation.credits" value="Lic. Héctor R. MALLMA ALVARADO. Matemática &amp; Física - UNFV (LIMA-PERÚ) hecmall@hotmail.com; hecmall@outlook.com"/>
<string key="frictionManual" value="Manual"/>
<string key="linear" value="Lineal"/>
<string key="paused" value="EN PAUSA"/>
<string key="reset" value="Reiniciar"/>
<string key="circular" value="Circular"/>
</SimStrings>
