<?xml version="1.0" encoding="UTF-8" standalone="no"?>
<!--radiating-charge-strings_fa.xml created Sun Apr 21 15:09:03 IRDT 2013 using: radiating-charge 1.03.00 (71951), translation-utility 2.14.00 (69024) Oct 9, 2012-->
<SimStrings>
<string key="duration" value="مدت"/>
<string key="bump" value="بار را تکان بده"/>
<string key="radiating-charge.simTitle" value="بار در حال تابش"/>
<string key="stopCharge" value="بار را متوقف کن"/>
<string key="sinusoidal" value="سينوسي"/>
<string key="amplitude" value="دامنه"/>
<string key="speedOfLight" value="c"/>
<string key="noFrictionManual" value="بدون اصطکاک"/>
<string key="frequency" value="بسامد"/>
<string key="restart" value="شروع مجدد"/>
<string key="showVelocity" value="سرعت را نشان بده"/>
<string key="speed" value="سرعت"/>
<string key="translation.credits" value="&lt;html&gt;خليلي بروجني&lt;br&gt; وب سايت www.avang.org &lt;br&gt;&lt;/html&gt;"/>
<string key="frictionManual" value="دستي"/>
<string key="linear" value="خطي"/>
<string key="paused" value="مکث"/>
<string key="reset" value="به حالت اول برگردان"/>
<string key="circular" value="دايره اي"/>
</SimStrings>
