<?xml version="1.0" encoding="UTF-8" standalone="no"?>
<!--radiating-charge-strings_mk.xml created Thu Feb 07 09:09:47 CET 2013 using: radiating-charge 1.03.00 (71951), translation-utility 2.14.00 (69024) окт. 9, 2012-->
<SimStrings>
<string key="stopCharge" value="запри го електрицитетот"/>
<string key="bump" value="&quot;чврга&quot; "/>
<string key="amplitude" value="амплитуда"/>
<string key="radiating-charge.simTitle" value="Зрачење на електрицитети во движење"/>
<string key="translation.credits" value="Зоран Христовски"/>
<string key="speed" value="брзина"/>
<string key="frictionManual" value="рачно"/>
<string key="duration" value="траење"/>
<string key="noFrictionManual" value="без триење"/>
<string key="linear" value="линеарно"/>
<string key="reset" value="на почеток"/>
<string key="frequency" value="фреквенција"/>
<string key="circular" value="кружно"/>
<string key="showVelocity" value="покажи ја брзината"/>
<string key="paused" value="ПАУЗА"/>
<string key="restart" value="рестарт"/>
<string key="sinusoidal" value="синусоидално"/>
</SimStrings>
