<?xml version="1.0" encoding="UTF-8" standalone="no"?>
<!--radiating-charge-strings_da.xml created Sat Feb 02 08:18:35 CET 2013 using: radiating-charge 1.03.00 (71951), translation-utility 2.14.00 (69024) okt 9, 2012--><SimStrings>
<string key="stopCharge" value="Stop opladning"/>
<string key="bump" value="Bump"/>
<string key="speedOfLight" value="c"/>
<string key="amplitude" value="Amplitude"/>
<string key="radiating-charge.simTitle" value="Udstrålende ladning"/>
<string key="speed" value="Hastighed"/>
<string key="frictionManual" value="Manuel"/>
<string key="duration" value="varighed"/>
<string key="noFrictionManual" value="Ingen friktion"/>
<string key="linear" value="Liniær"/>
<string key="reset" value="Nulstil"/>
<string key="frequency" value="Frekvens"/>
<string key="circular" value="Cirkulær"/>
<string key="showVelocity" value="Vis hastighed"/>
<string key="paused" value="PAUSE"/>
<string key="restart" value="Genstart"/>
<string key="sinusoidal" value="Sinusformet"/>
</SimStrings>
