<?xml version="1.0" encoding="UTF-8" standalone="no"?>
<!--radiating-charge-strings_hu.xml created Sat Feb 02 09:25:07 CET 2013 using: radiating-charge 1.03.00 (71951), translation-utility 2.14.00 (69024) okt. 9, 2012--><SimStrings>
<string key="duration" value="Periódusidő"/>
<string key="bump" value="Rezzen egyet"/>
<string key="radiating-charge.simTitle" value="Sugárzó töltés"/>
<string key="stopCharge" value="Töltés megállítása"/>
<string key="sinusoidal" value="Szinuszosan rezeg  "/>
<string key="amplitude" value="Amplitúdó"/>
<string key="speedOfLight" value="c (fényseb.) "/>
<string key="noFrictionManual" value="Mozgatás kézzel&#10;(súrlódás nélkül)"/>
<string key="frequency" value="Frekvencia"/>
<string key="restart" value="Újrakezdés"/>
<string key="showVelocity" value="Sebességet mutat    "/>
<string key="speed" value="Sebesség"/>
<string key="translation.credits" value="&lt;html&gt;&lt;a href=&quot;http://nagysandor.eu/&quot;&gt;Nagy Sándor&lt;/a&gt;&lt;br&gt;ELTE, &lt;a href=&quot;http://www.chem.elte.hu/pr/&quot;&gt;Kémiai Intézet&lt;/a&gt;, Budapest&lt;/html&gt;"/>
<string key="frictionManual" value="Mozgatás kézzel&#10;(súrlódással)"/>
<string key="linear" value="Egyenesen mozog"/>
<string key="paused" value="LEÁLLÍTVA"/>
<string key="reset" value="Alaphelyzetbe"/>
<string key="circular" value="Körben mozog"/>
</SimStrings>
